Address,Parcel,Status,Zillow,List Price (Latest),Lot Size,Desirability,Frontage Type,Square Footage,Price/SqFt,Neighborhood,Bedrooms,Bedrooms Up,Bathrooms,Offices,Floors,HOA fees (mo),Year Built,Storage,Yard Size,Garage Spaces,Formal Dining,Finished Basement,Previous Listing,Photo URL
1 NW Briar Point Dr,,Off-market,,,,,,,,,,,,,,,,,,,,,,
2 NW Briar Point Dr,,Off-market,,,,,,,,,,,,,,,,,,,,,,
3 NW Briar Point Dr,,Off-market,,,,,,,,,,,,,,,,,,,,,,
5 NW Briar Point Dr,,Off-market,,,,,,,,,,,,,,,,,,,,,,
6 NW Briar Point Dr,,Off-market,,,,,,,,,,,,,,,,,,,,,,
7 NW Briar Point Dr,,Off-market,,,,,,,,,,,,,,,,,,,,,,
8 NW Briar Point Dr,,Off-market,,,,,,,,,,,,,,,,,,,,,,
9 NW Briar Point Dr,,Off-market,,,,,,,,,,,,,,,,,,,,,,
100 Pointe Dr,,Off-market,,,,,,,,,,,,,,,,,,,,,,
101 Pointe Ln,,Off-market,,,,,,,,,,,,,,,,,,,,,,
102 Pointe Dr,,Off-market,,,,,,,,,,,,,,,,,,,,,,
103 Pointe Ln,,Off-market,,,,,,,,,,,,,,,,,,,,,,
104 Pointe Dr,,Off-market,,,,,,,,,,,,,,,,,,,,,,
105 Pointe Ln,,Off-market,,,,,,,,,,,,,,,,,,,,,,
106 Pointe Dr,,Off-market,,,,,,,,,,,,,,,,,,,,,,
107 Pointe Dr,,Off-market,,,,,,,,,,,,,,,,,,,,,,
108 Pointe Dr,,Off-market,,,,,,,,,,,,,,,,,,,,,,
109 Pointe Dr,,Off-market,,,,,,,,,,,,,,,,,,,,,,
110 NW 44th St,,Off-market,,,,,,,,,,,,,,,,,,,,,,
110 Pointe Dr,,Off-market,,,,,,,,,,,,,,,,,,,,,,
111 Pointe Dr,,Off-market,,,,,,,,,,,,,,,,,,,,,,
112 Pointe Dr,,Off-market,,,,,,,,,,,,,,,,,,,,,,
113 Pointe Dr,,Off-market,,,,,,,,,,,,,,,,,,,,,,
114 NW 44th St,,Off-market,,,,,,,,,,,,,,,,,,,,,,
114 Pointe Dr,,Off-market,,,,,,,,,,,,,,,,,,,,,,
115 Pointe Dr,,Off-market,,,,,,,,,,,,,,,,,,,,,,
116 Pointe Dr,,Off-market,,,,,,,,,,,,,,,,,,,,,,
117 Pointe Dr,,Off-market,,,,,,,,,,,,,,,,,,,,,,
118 Pointe Dr,,Off-market,,,,,,,,,,,,,,,,,,,,,,
119 Pointe Dr,,Off-market,,,,,,,,,,,,,,,,,,,,,,
120 Pointe Dr,,Off-market,,,,,,,,,,,,,,,,,,,,,,
121 Pointe Dr,,Off-market,,,,,,,,,,,,,,,,,,,,,,
122 Pointe Dr,,Off-market,,,,,,,,,,,,,,,,,,,,,,
123 Pointe Dr,,Off-market,,,,,,,,,,,,,,,,,,,,,,
125 Pointe Dr,,Off-market,,,,,,,,,,,,,,,,,,,,,,
126 Pointe Dr,,Off-market,,,,,,,,,,,,,,,,,,,,,,
127 Pointe Dr,,Off-market,,,,,,,,,,,,,,,,,,,,,,
128 Pointe Dr,,Off-market,,,,,,,,,,,,,,,,,,,,,,
129 Pointe Dr,,Off-market,,,,,,,,,,,,,,,,,,,,,,
130 Pointe Dr,,Off-market,,,,,,,,,,,,,,,,,,,,,,
133 Pointe Dr,,Off-market,,,,,,,,,,,,,,,,,,,,,,
135 Pointe Dr,,Off-market,,,,,,,,,,,,,,,,,,,,,,
137 Pointe Dr,,Off-market,,,,,,,,,,,,,,,,,,,,,,
139 Pointe Dr,,Off-market,,,,,,,,,,,,,,,,,,,,,,
141 Pointe Dr,,Off-market,,,,,,,,,,,,,,,,,,,,,,
142 Pointe Dr,,Off-market,,,,,,,,,,,,,,,,,,,,,,
143 Pointe Dr,,Off-market,,,,,,,,,,,,,,,,,,,,,,
144 Pointe Dr,,Off-market,,,,,,,,,,,,,,,,,,,,,,
145 Pointe Dr,,Off-market,,,,,,,,,,,,,,,,,,,,,,
146 Pointe Dr,,Off-market,,,,,,,,,,,,,,,,,,,,,,
147 Pointe Dr,,Off-market,,,,,,,,,,,,,,,,,,,,,,
150 Pointe Dr,,Off-market,,,,,,,,,,,,,,,,,,,,,,
151 Pointe Dr,,Off-market,,,,,,,,,,,,,,,,,,,,,,
152 Pointe Dr,,Off-market,,,,,,,,,,,,,,,,,,,,,,
153 Pointe Dr,,Off-market,,,,,,,,,,,,,,,,,,,,,,
154 Pointe Dr,,Off-market,,,,,,,,,,,,,,,,,,,,,,
155 Pointe Dr,,Off-market,,,,,,,,,,,,,,,,,,,,,,
157 Pointe Dr,,Off-market,,,,,,,,,,,,,,,,,,,,,,
158 Pointe Dr,,Off-market,,,,,,,,,,,,,,,,,,,,,,
160 Pointe Dr,,Off-market,,,,,,,,,,,,,,,,,,,,,,
162 Pointe Dr,,Off-market,,,,,,,,,,,,,,,,,,,,,,
166 Pointe Dr,,Off-market,,,,,,,,,,,,,,,,,,,,,,
168 Pointe Dr,,Off-market,,,,,,,,,,,,,,,,,,,,,,
174 Pointe Dr,,Off-market,,,,,,,,,,,,,,,,,,,,,,
176 Pointe Dr,,Off-market,,,,,,,,,,,,,,,,,,,,,,
178 Pointe Dr,,Off-market,,,,,,,,,,,,,,,,,,,,,,
182 Pointe Dr,,Off-market,,,,,,,,,,,,,,,,,,,,,,
184 Pointe Dr,,Off-market,,,,,,,,,,,,,,,,,,,,,,
186 Pointe Dr,,Off-market,,,,,,,,,,,,,,,,,,,,,,
188 Pointe Dr,,Off-market,,,,,,,,,,,,,,,,,,,,,,
190 Pointe Dr,,Off-market,,,,,,,,,,,,,,,,,,,,,,
192 Pointe Dr,,Off-market,,,,,,,,,,,,,,,,,,,,,,
194 Pointe Dr,,Off-market,,,,,,,,,,,,,,,,,,,,,,
196 Pointe Dr,,Off-market,,,,,,,,,,,,,,,,,,,,,,
198 Pointe Dr,,Off-market,,,,,,,,,,,,,,,,,,,,,,
200 NW 44th St,,Off-market,,,,,,,,,,,,,,,,,,,,,,
200 NW 47th St,,Off-market,,,,,,,,,,,,,,,,,,,,,,
200 Pointe Dr,,Off-market,,,,,,,,,,,,,,,,,,,,,,
201 NW 44th St,,Off-market,,,,,,,,,,,,,,,,,,,,,,
202 Pointe Dr,,Off-market,,,,,,,,,,,,,,,,,,,,,,
204 NW 44th St,,Off-market,,,,,,,,,,,,,,,,,,,,,,
204 NW 47th St,,Off-market,,,,,,,,,,,,,,,,,,,,,,
204 Pointe Dr,,Off-market,,,,,,,,,,,,,,,,,,,,,,
205 NW 44th St,,Off-market,,,,,,,,,,,,,,,,,,,,,,
205 NW 47th St,,Off-market,,,,,,,,,,,,,,,,,,,,,,
206 Pointe Dr,,Off-market,,,,,,,,,,,,,,,,,,,,,,
208 NW 44th St,,Off-market,,,,,,,,,,,,,,,,,,,,,,
208 NW 47th St,,Off-market,,,,,,,,,,,,,,,,,,,,,,
209 NW 44th St,,Off-market,,,,,,,,,,,,,,,,,,,,,,
210 Pointe Ln,,Off-market,,,,,,,,,,,,,,,,,,,,,,
212 NW 47th St,,Off-market,,,,,,,,,,,,,,,,,,,,,,
212 Pointe Ln,,Off-market,,,,,,,,,,,,,,,,,,,,,,
213 NW 44th St,,Off-market,,,,,,,,,,,,,,,,,,,,,,
214 Pointe Ln,,Off-market,,,,,,,,,,,,,,,,,,,,,,
216 NW 47th St,,Off-market,,,,,,,,,,,,,,,,,,,,,,
216 Pointe Ln,,Off-market,,,,,,,,,,,,,,,,,,,,,,
217 NW 43rd St,,Off-market,,,,,,,,,,,,,,,,,,,,,,
218 NW 43rd St,,Off-market,,,,,,,,,,,,,,,,,,,,,,
218 NW 43rd Ter,,Off-market,,,,,,,,,,,,,,,,,,,,,,
218 Pointe Ln,,Off-market,,,,,,,,,,,,,,,,,,,,,,
220 Pointe Ln,,Off-market,,,,,,,,,,,,,,,,,,,,,,
221 NW 43rd St,,Off-market,,,,,,,,,,,,,,,,,,,,,,
223 NW 43rd St,,Off-market,,,,,,,,,,,,,,,,,,,,,,
226 NW 43rd St,,Off-market,,,,,,,,,,,,,,,,,,,,,,
228 NW 43rd Ter,,Off-market,,,,,,,,,,,,,,,,,,,,,,
236 NW 43rd Ter,,Off-market,,,,,,,,,,,,,,,,,,,,,,
300 NW 43rd St,,Off-market,,,,,,,,,,,,,,,,,,,,,,
300 NW 43rd Ter,,Off-market,,,,,,,,,,,,,,,,,,,,,,
300 NW Briarcliff Cr,,Off-market,,,,,,,,,,,,,,,,,,,,,,
301 NW Briarcliff Cr,,Off-market,,,,,,,,,,,,,,,,,,,,,,
304 NW Briarcliff Cr,,Off-market,,,,,,,,,,,,,,,,,,,,,,
304 NW Briarcliff Rd,,Off-market,,,,,,,,,,,,,,,,,,,,,,
305 NW Briarcliff Cr,,Off-market,,,,,,,,,,,,,,,,,,,,,,
308 NW Briarcliff Cr,,Off-market,,,,,,,,,,,,,,,,,,,,,,
308 NW Briarcliff Rd,,Off-market,,,,,,,,,,,,,,,,,,,,,,
309 NW Briarcliff Cr,,Off-market,,,,,,,,,,,,,,,,,,,,,,
317 NW Briarcliff Rd,,Off-market,,,,,,,,,,,,,,,,,,,,,,
318 NW Briarcliff Rd,,Off-market,,,,,,,,,,,,,,,,,,,,,,
321 NW Briarcliff Rd,,Off-market,,,,,,,,,,,,,,,,,,,,,,
400 NW 47th St,,Off-market,,,,,,,,,,,,,,,,,,,,,,
400 NW Briarcliff Ct,,Off-market,,,,,,,,,,,,,,,,,,,,,,
400 NW Briarcliff Rd,,Off-market,,,,,,,,,,,,,,,,,,,,,,
401 NW 47th St,,Off-market,,,,,,,,,,,,,,,,,,,,,,
403 NW Briarcliff Pkwy,,Off-market,,,,,,,,,,,,,,,,,,,,,,
404 NW 44th St,,Off-market,,,,,,,,,,,,,,,,,,,,,,
404 NW 47th St,,Off-market,,,,,,,,,,,,,,,,,,,,,,
404 NW Briarcliff Rd,,Off-market,,,,,,,,,,,,,,,,,,,,,,
405 NW 44th St,,Off-market,,,,,,,,,,,,,,,,,,,,,,
405 NW 47th St,,Off-market,,,,,,,,,,,,,,,,,,,,,,
405 NW Briarcliff Pkwy,,Off-market,,,,,,,,,,,,,,,,,,,,,,
406 NW 43rd Ter,,Off-market,,,,,,,,,,,,,,,,,,,,,,
406 NW Briarcliff Ct,,Off-market,,,,,,,,,,,,,,,,,,,,,,
406 NW Briarcliff Pkwy,,Off-market,,,,,,,,,,,,,,,,,,,,,,
407 NW 43rd Ter,,Off-market,,,,,,,,,,,,,,,,,,,,,,
407 NW Briarcliff Ct,,Off-market,,,,,,,,,,,,,,,,,,,,,,
407 NW Briarcliff Pkwy,,Off-market,,,,,,,,,,,,,,,,,,,,,,
408 NW 44th St,,Off-market,,,,,,,,,,,,,,,,,,,,,,
408 NW Briarcliff Rd,,Off-market,,,,,,,,,,,,,,,,,,,,,,
409 NW 44th St,,Off-market,,,,,,,,,,,,,,,,,,,,,,
409 NW 47th St,,Off-market,,,,,,,,,,,,,,,,,,,,,,
409 NW Briarcliff Pkwy,,Off-market,,,,,,,,,,,,,,,,,,,,,,
411 NW Briarcliff Pkwy,,Off-market,,,,,,,,,,,,,,,,,,,,,,
412 NW 43rd Ter,,Off-market,,,,,,,,,,,,,,,,,,,,,,
412 NW Briarcliff Ct,,Off-market,,,,,,,,,,,,,,,,,,,,,,
412 NW Briarcliff Pkwy,,Off-market,,,,,,,,,,,,,,,,,,,,,,
412 NW Briarcliff Rd,,Off-market,,,,,,,,,,,,,,,,,,,,,,
413 NW 43rd Ter,,Off-market,,,,,,,,,,,,,,,,,,,,,,
413 NW 44th St,,Off-market,,,,,,,,,,,,,,,,,,,,,,
415 NW Briarcliff Ct,,Off-market,,,,,,,,,,,,,,,,,,,,,,
415 NW Briarcliff Pkwy,,Off-market,,,,,,,,,,,,,,,,,,,,,,
416 NW Briarcliff Rd,,Off-market,,,,,,,,,,,,,,,,,,,,,,
417 NW Briarcliff Pkwy,,Off-market,,,,,,,,,,,,,,,,,,,,,,
418 NW 43rd Ter,,Off-market,,,,,,,,,,,,,,,,,,,,,,
418 NW Briarcliff Ct,,Off-market,,,,,,,,,,,,,,,,,,,,,,
419 NW 43rd Ter,,Off-market,,,,,,,,,,,,,,,,,,,,,,
419 NW Briarcliff Rd,,Off-market,,,,,,,,,,,,,,,,,,,,,,
420 NW Briarcliff Pkwy,,Off-market,,,,,,,,,,,,,,,,,,,,,,
421 NW Briarcliff Ct,,Off-market,,,,,,,,,,,,,,,,,,,,,,
421 NW Briarcliff Pkwy,,Off-market,,,,,,,,,,,,,,,,,,,,,,
421 NW Briarcliff Rd,,Off-market,,,,,,,,,,,,,,,,,,,,,,
424 NW 43rd Ter,,Off-market,,,,,,,,,,,,,,,,,,,,,,
424 NW Briarcliff Rd,,Off-market,,,,,,,,,,,,,,,,,,,,,,
427 NW Briarcliff Rd,,Off-market,,,,,,,,,,,,,,,,,,,,,,
428 NW Briarcliff Rd,,Off-market,,,,,,,,,,,,,,,,,,,,,,
444 NW 47th St,,Off-market,,,,,,,,,,,,,,,,,,,,,,
500 NW 43rd Ter,,Off-market,,,,,,,,,,,,,,,,,,,,,,
500 NW 44th St,,Off-market,,,,,,,,,,,,,,,,,,,,,,
500 NW 44th Ter,,Off-market,,,,,,,,,,,,,,,,,,,,,,
500 NW 47th St,,Off-market,,,,,,,,,,,,,,,,,,,,,,
500 NW Briarcliff Pkwy,,Off-market,,,,,,,,,,,,,,,,,,,,,,
501 NW 43rd Ter,,Off-market,,,,,,,,,,,,,,,,,,,,,,
501 NW 44th St,,Off-market,,,,,,,,,,,,,,,,,,,,,,
501 NW 44th Ter,,Off-market,,,,,,,,,,,,,,,,,,,,,,
501 NW 47th St,,Off-market,,,,,,,,,,,,,,,,,,,,,,
501 NW Briarcliff Pkwy,,Off-market,,,,,,,,,,,,,,,,,,,,,,
502 NW Briarcliff Pkwy,,Off-market,,,,,,,,,,,,,,,,,,,,,,
503 NW Briarcliff Pkwy,,Off-market,,,,,,,,,,,,,,,,,,,,,,
504 NW 44th St,,Off-market,,,,,,,,,,,,,,,,,,,,,,
504 NW 44th Ter,,Off-market,,,,,,,,,,,,,,,,,,,,,,
504 NW 47th St,,Off-market,,,,,,,,,,,,,,,,,,,,,,
504 NW Briarcliff Pkwy,,Off-market,,,,,,,,,,,,,,,,,,,,,,
505 NW 43rd St,,Off-market,,,,,,,,,,,,,,,,,,,,,,
505 NW 43rd Ter,,Off-market,,,,,,,,,,,,,,,,,,,,,,
505 NW 44th St,,Off-market,,,,,,,,,,,,,,,,,,,,,,
505 NW 44th Ter,,Off-market,,,,,,,,,,,,,,,,,,,,,,
505 NW 47th St,,Off-market,,,,,,,,,,,,,,,,,,,,,,
505 NW Briarcliff Pkwy,,Off-market,,,,,,,,,,,,,,,,,,,,,,
506 NW 43rd Ter,,Off-market,,,,,,,,,,,,,,,,,,,,,,
506 NW Briarcliff Pkwy,,Off-market,,,,,,,,,,,,,,,,,,,,,,
507 NW 43rd St,,Off-market,,,,,,,,,,,,,,,,,,,,,,
507 NW 43rd Ter,,Off-market,,,,,,,,,,,,,,,,,,,,,,
507 NW Briarcliff Pkwy,,Off-market,,,,,,,,,,,,,,,,,,,,,,
507 NW Briarcliff Rd,,Off-market,,,,,,,,,,,,,,,,,,,,,,
508 NW 44th St,,Off-market,,,,,,,,,,,,,,,,,,,,,,
508 NW Briarcliff Pkwy,,Off-market,,,,,,,,,,,,,,,,,,,,,,
508 NW Briarcliff Rd,,Off-market,,,,,,,,,,,,,,,,,,,,,,
509 NW 44th St,,Off-market,,,,,,,,,,,,,,,,,,,,,,
511 NW 43rd Ter,,Off-market,,,,,,,,,,,,,,,,,,,,,,
512 NW 43rd Ter,,Off-market,,,,,,,,,,,,,,,,,,,,,,
512 NW 44th St,,Off-market,,,,,,,,,,,,,,,,,,,,,,
513 NW 44th St,,Off-market,,,,,,,,,,,,,,,,,,,,,,
513 NW 44th Ter,,Off-market,,,,,,,,,,,,,,,,,,,,,,
513 NW Briarcliff Rd,,Off-market,,,,,,,,,,,,,,,,,,,,,,
514 NW Briarcliff Rd,,Off-market,,,,,,,,,,,,,,,,,,,,,,
515 NW 43rd Ter,,Off-market,,,,,,,,,,,,,,,,,,,,,,
517 NW 44th Ter,,Off-market,,,,,,,,,,,,,,,,,,,,,,
518 NW 43rd Ter,,Off-market,,,,,,,,,,,,,,,,,,,,,,
518 NW Briarcliff Rd,,Off-market,,,,,,,,,,,,,,,,,,,,,,
519 NW 43rd Ter,,Off-market,,,,,,,,,,,,,,,,,,,,,,
519 NW Briarcliff Rd,,Off-market,,,,,,,,,,,,,,,,,,,,,,
524 NW 43rd St,,Off-market,,,,,,,,,,,,,,,,,,,,,,
524 NW 43rd Ter,,Off-market,,,,,,,,,,,,,,,,,,,,,,
524 NW Briarcliff Rd,,Off-market,,,,,,,,,,,,,,,,,,,,,,
525 NW 43rd Ter,,Off-market,,,,,,,,,,,,,,,,,,,,,,
525 NW Briarcliff Rd,,Off-market,,,,,,,,,,,,,,,,,,,,,,
530 NW 43rd Ter,,Off-market,,,,,,,,,,,,,,,,,,,,,,
600 NW 44th St,,Off-market,,,,,,,,,,,,,,,,,,,,,,
601 NW 44th Ter,,Off-market,,,,,,,,,,,,,,,,,,,,,,
604 NW 44th St,,Off-market,,,,,,,,,,,,,,,,,,,,,,
605 NW 43rd Ter,,Off-market,,,,,,,,,,,,,,,,,,,,,,
605 NW 44th St,,Off-market,,,,,,,,,,,,,,,,,,,,,,
605 NW 44th Ter,,Off-market,,,,,,,,,,,,,,,,,,,,,,
606 NW 43rd Ter,,Off-market,,,,,,,,,,,,,,,,,,,,,,
607 NW 43rd Ter,,Off-market,,,,,,,,,,,,,,,,,,,,,,
608 NW 44th St,,Off-market,,,,,,,,,,,,,,,,,,,,,,
609 NW 44th St,,Off-market,,,,,,,,,,,,,,,,,,,,,,
609 NW 44th Ter,,Off-market,,,,,,,,,,,,,,,,,,,,,,
612 NW 44th St,,Off-market,,,,,,,,,,,,,,,,,,,,,,
613 NW 44th St,,Off-market,,,,,,,,,,,,,,,,,,,,,,
617 NW 44th St,,Off-market,,,,,,,,,,,,,,,,,,,,,,
700 NW 44th St,,Off-market,,,,,,,,,,,,,,,,,,,,,,
701 NW 44th St,,Off-market,,,,,,,,,,,,,,,,,,,,,,
701 NW 44th Ter,,Off-market,,,,,,,,,,,,,,,,,,,,,,
704 NW 44th St,,Off-market,,,,,,,,,,,,,,,,,,,,,,
705 NW 44th St,,Off-market,,,,,,,,,,,,,,,,,,,,,,
705 NW 44th Ter,,Off-market,,,,,,,,,,,,,,,,,,,,,,
709 NW 44th St,,Off-market,,,,,,,,,,,,,,,,,,,,,,
713 NW 44th St,,Off-market,,,,,,,,,,,,,,,,,,,,,,
851 NW 45th St,,Off-market,,,,,,,,,,,,,,,,,,,,,,
913 NW 44th Ter,,Off-market,,,,,,,,,,,,,,,,,,,,,,
1200 NW 43rd Ter,,Off-market,,,,,,,,,,,,,,,,,,,,,,
1201 NW 43rd Ter,,Off-market,,,,,,,,,,,,,,,,,,,,,,
1201 NW Briarcliff Pkwy,,Off-market,,,,,,,,,,,,,,,,,,,,,,
1202 NW 43rd Pl,,Off-market,,,,,,,,,,,,,,,,,,,,,,
1203 NW 43rd Pl,,Off-market,,,,,,,,,,,,,,,,,,,,,,
1204 NW 43rd Ter,,Off-market,,,,,,,,,,,,,,,,,,,,,,
1205 NW 43rd Ter,,Off-market,,,,,,,,,,,,,,,,,,,,,,
1208 NW 43rd Ter,,Off-market,,,,,,,,,,,,,,,,,,,,,,
1215 NW 43rd Ter,,Off-market,,,,,,,,,,,,,,,,,,,,,,
1216 NW 43rd Ter,,Off-market,,,,,,,,,,,,,,,,,,,,,,
1251 NW Briarcliff Pkwy,,Off-market,,,,,,,,,,,,,,,,,,,,,,
1300 NW 43rd Ter,,Off-market,,,,,,,,,,,,,,,,,,,,,,
1300 NW Briarcliff Pkwy,,Off-market,,,,,,,,,,,,,,,,,,,,,,
1301 NW 47th St,,Off-market,,,,,,,,,,,,,,,,,,,,,,
1304 NW 43rd Ter,,Off-market,,,,,,,,,,,,,,,,,,,,,,
1305 NW 43rd Ter,,Off-market,,,,,,,,,,,,,,,,,,,,,,
1305 NW 47th St,,Off-market,,,,,,,,,,,,,,,,,,,,,,
1306 NW 47th St,,Off-market,,,,,,,,,,,,,,,,,,,,,,
1308 NW 43rd Ter,,Off-market,,,,,,,,,,,,,,,,,,,,,,
1309 NW 47th St,,Off-market,,,,,,,,,,,,,,,,,,,,,,
1310 NW 47th St,,Off-market,,,,,,,,,,,,,,,,,,,,,,
1310 NW 47th Ter,,Off-market,,,,,,,,,,,,,,,,,,,,,,
1313 NW 47th St,,Off-market,,,,,,,,,,,,,,,,,,,,,,
1314 NW 47th St,,Off-market,,,,,,,,,,,,,,,,,,,,,,
1317 NW 47th St,,Off-market,,,,,,,,,,,,,,,,,,,,,,
1318 NW 47th St,,Off-market,,,,,,,,,,,,,,,,,,,,,,
1321 NW 47th St,,Off-market,,,,,,,,,,,,,,,,,,,,,,
1322 NW 47th St,,Off-market,,,,,,,,,,,,,,,,,,,,,,
1325 NW 47th St,,Off-market,,,,,,,,,,,,,,,,,,,,,,
1326 NW 47th St,,Off-market,,,,,,,,,,,,,,,,,,,,,,
1329 NW 47th St,,Off-market,,,,,,,,,,,,,,,,,,,,,,
1400 NW 43rd Ter,,Off-market,,,,,,,,,,,,,,,,,,,,,,
1400 NW 47th Ter,,Off-market,,,,,,,,,,,,,,,,,,,,,,
1401 NW 47th Ter,,Off-market,,,,,,,,,,,,,,,,,,,,,,
1404 NW 47th Ter,,Off-market,,,,,,,,,,,,,,,,,,,,,,
1405 NW 47th Ter,,Off-market,,,,,,,,,,,,,,,,,,,,,,
1406 NW 43rd Ct,,Off-market,,,,,,,,,,,,,,,,,,,,,,
1408 NW 47th Ter,,Off-market,,,,,,,,,,,,,,,,,,,,,,
1409 NW 47th Ter,,Off-market,,,,,,,,,,,,,,,,,,,,,,
1413 NW 47th Ter,,Off-market,,,,,,,,,,,,,,,,,,,,,,
1500 NW 47th Ter,,Off-market,,,,,,,,,,,,,,,,,,,,,,
3831 N Mulberry Dr,,Off-market,,,,,,,,,,,,,,,,,,,,,,
3852 N Briarcliff Rd,,Off-market,,,,,,,,,,,,,,,,,,,,,,
3900 N Briarcliff Rd,,Off-market,,,,,,,,,,,,,,,,,,,,,,
3900 N Mulberry Dr,,Off-market,,,,,,,,,,,,,,,,,,,,,,
3925 N Briarcliff Rd,,Off-market,,,,,,,,,,,,,,,,,,,,,,
3926 N Briarcliff Rd,,Off-market,,,,,,,,,,,,,,,,,,,,,,
3934 N Briarcliff Rd,,Off-market,,,,,,,,,,,,,,,,,,,,,,
3935 N Briarcliff Rd,,Off-market,,,,,,,,,,,,,,,,,,,,,,
3940 N Briarcliff Rd,,Off-market,,,,,,,,,,,,,,,,,,,,,,
3945 N Briarcliff Rd,,Off-market,,,,,,,,,,,,,,,,,,,,,,
3953 N Briarcliff Rd,,Off-market,,,,,,,,,,,,,,,,,,,,,,
4000 N Mulberry Dr,,Off-market,,,,,,,,,,,,,,,,,,,,,,
4001 N Briarcliff Rd,,Off-market,,,,,,,,,,,,,,,,,,,,,,
4001 NW Claymont Dr,,Off-market,,,,,,,,,,,,,,,,,,,,,,
4003 NW Claymont Dr,,Off-market,,,,,,,,,,,,,,,,,,,,,,
4004 NW Claymont Dr,,Off-market,,,,,,,,,,,,,,,,,,,,,,
4005 NW Claymont Dr,,Off-market,,,,,,,,,,,,,,,,,,,,,,
4007 N Briarcliff Rd,,Off-market,,,,,,,,,,,,,,,,,,,,,,
4007 NW Claymont Dr,,Off-market,,,,,,,,,,,,,,,,,,,,,,
4009 N Briarcliff Rd,,Off-market,,,,,,,,,,,,,,,,,,,,,,
4009 NW Claymont Dr,,Off-market,,,,,,,,,,,,,,,,,,,,,,
4010 NW Claymont Dr,,Off-market,,,,,,,,,,,,,,,,,,,,,,
4011 N Briarcliff Rd,,Off-market,,,,,,,,,,,,,,,,,,,,,,
4011 NW Claymont Dr,,Off-market,,,,,,,,,,,,,,,,,,,,,,
4012 NW Claymont Dr,,Off-market,,,,,,,,,,,,,,,,,,,,,,
4013 NW Claymont Dr,,Off-market,,,,,,,,,,,,,,,,,,,,,,
4014 NW Claymont Dr,,Off-market,,,,,,,,,,,,,,,,,,,,,,
4015 N Briarcliff Rd,,Off-market,,,,,,,,,,,,,,,,,,,,,,
4018 NW Claymont Dr,,Off-market,,,,,,,,,,,,,,,,,,,,,,
4019 NW Claymont Dr,,Off-market,,,,,,,,,,,,,,,,,,,,,,
4020 NW Claymont Dr,,Off-market,,,,,,,,,,,,,,,,,,,,,,
4024 NW Claymont Dr,,Off-market,,,,,,,,,,,,,,,,,,,,,,
4025 NW Claymont Dr,,Off-market,,,,,,,,,,,,,,,,,,,,,,
4026 NW Claymont Dr,,Off-market,,,,,,,,,,,,,,,,,,,,,,
4027 NW Claymont Dr,,Off-market,,,,,,,,,,,,,,,,,,,,,,
4028 NW Claymont Dr,,Off-market,,,,,,,,,,,,,,,,,,,,,,
4029 NW Claymont Dr,,Off-market,,,,,,,,,,,,,,,,,,,,,,
4030 N Briarcliff Rd,,Off-market,,,,,,,,,,,,,,,,,,,,,,
4030 NW Claymont Dr,,Off-market,,,,,,,,,,,,,,,,,,,,,,
4032 NW Claymont Dr,,Off-market,,,,,,,,,,,,,,,,,,,,,,
4034 NW Claymont Dr,,Off-market,,,,,,,,,,,,,,,,,,,,,,
4035 NW Claymont Dr,,Off-market,,,,,,,,,,,,,,,,,,,,,,
4036 N Briarcliff Rd,,Off-market,,,,,,,,,,,,,,,,,,,,,,
4036 NW Claymont Dr,,Off-market,,,,,,,,,,,,,,,,,,,,,,
4040 N Briarcliff Rd,,Off-market,,,,,,,,,,,,,,,,,,,,,,
4040 NW Claymont Dr,,Off-market,,,,,,,,,,,,,,,,,,,,,,
4042 NW Claymont Dr,,Off-market,,,,,,,,,,,,,,,,,,,,,,
4044 N Briarcliff Rd,,Off-market,,,,,,,,,,,,,,,,,,,,,,
4044 NW Claymont Dr,,Off-market,,,,,,,,,,,,,,,,,,,,,,
4047 NW Claymont Dr,,Off-market,,,,,,,,,,,,,,,,,,,,,,
4048 NW Claymont Dr,,Off-market,,,,,,,,,,,,,,,,,,,,,,
4054 NW Claymont Dr,,Off-market,,,,,,,,,,,,,,,,,,,,,,
4060 NW Claymont Dr,,Off-market,,,,,,,,,,,,,,,,,,,,,,
4100 N Briarcliff Rd,,Off-market,,,,,,,,,,,,,,,,,,,,,,
4100 N Mulberry Dr,,Off-market,,,,,,,,,,,,,,,,,,,,,,
4101 N Mulberry Dr,,Off-market,,,,,,,,,,,,,,,,,,,,,,
4105 N Mulberry Dr,,Off-market,,,,,,,,,,,,,,,,,,,,,,
4108 N Briarcliff Rd,,Off-market,,,,,,,,,,,,,,,,,,,,,,
4111 N Mulberry Dr,,Off-market,,,,,,,,,,,,,,,,,,,,,,
4113 NW Claymont Dr,,Off-market,,,,,,,,,,,,,,,,,,,,,,
4114 N Briarcliff Rd,,Off-market,,,,,,,,,,,,,,,,,,,,,,
4118 NW Claymont Dr,,Off-market,,,,,,,,,,,,,,,,,,,,,,
4119 NW Claymont Dr,,Off-market,,,,,,,,,,,,,,,,,,,,,,
4121 N Briarcliff Rd,,Off-market,,,,,,,,,,,,,,,,,,,,,,
4125 N Briarcliff Rd,,Off-market,,,,,,,,,,,,,,,,,,,,,,
4125 N Mulberry Dr,,Off-market,,,,,,,,,,,,,,,,,,,,,,
4125 NW Claymont Dr,,Off-market,,,,,,,,,,,,,,,,,,,,,,
4125a N Mulberry Dr,,Off-market,,,,,,,,,,,,,,,,,,,,,,
4126 NW Claymont Dr,,Off-market,,,,,,,,,,,,,,,,,,,,,,
4131 N Briarcliff Rd,,Off-market,,,,,,,,,,,,,,,,,,,,,,
4131 N Mulberry Dr,,Off-market,,,,,,,,,,,,,,,,,,,,,,
4135 N Mulberry Dr,,Off-market,,,,,,,,,,,,,,,,,,,,,,
4141 N Mulberry Dr,,Off-market,,,,,,,,,,,,,,,,,,,,,,
4150 N Mulberry Dr,,Off-market,,,,,,,,,,,,,,,,,,,,,,
4183 N Mulberry Dr,,Off-market,,,,,,,,,,,,,,,,,,,,,,
4200 NW Claymont Dr,,Off-market,,,,,,,,,,,,,,,,,,,,,,
4204 N Mulberry Dr,,Off-market,,,,,,,,,,,,,,,,,,,,,,
4205 N Hickory Ln,,Off-market,,,,,,,,,,,,,,,,,,,,,,
4205 NW Claymont Dr,,Off-market,,,,,,,,,,,,,,,,,,,,,,
4206 NW Briarcliff Ln,,Off-market,,,,,,,,,,,,,,,,,,,,,,
4208 N Mulberry Dr,,Off-market,,,,,,,,,,,,,,,,,,,,,,
4212 N Mulberry Dr,,Off-market,,,,,,,,,,,,,,,,,,,,,,
4212 NW Briarcliff Ln,,Off-market,,,,,,,,,,,,,,,,,,,,,,
4213 N Hickory Ln,,Off-market,,,,,,,,,,,,,,,,,,,,,,
4215 NW Claymont Dr,,Off-market,,,,,,,,,,,,,,,,,,,,,,
4216 N Hickory Ln,,Off-market,,,,,,,,,,,,,,,,,,,,,,
4217 N Hickory Ln,,Off-market,,,,,,,,,,,,,,,,,,,,,,
4218 NW Briarcliff Ln,,Off-market,,,,,,,,,,,,,,,,,,,,,,
4218 NW Claymont Dr,,Off-market,,,,,,,,,,,,,,,,,,,,,,
4219 NW Claymont Dr,,Off-market,,,,,,,,,,,,,,,,,,,,,,
4220 N Hickory Ln,,Off-market,,,,,,,,,,,,,,,,,,,,,,
4221 N Hickory Ln,,Off-market,,,,,,,,,,,,,,,,,,,,,,
4225 NW Claymont Dr,,Off-market,,,,,,,,,,,,,,,,,,,,,,
4226 NW Claymont Dr,,Off-market,,,,,,,,,,,,,,,,,,,,,,
4301 NW Briarcliff Ln,,Off-market,,,,,,,,,,,,,,,,,,,,,,
4302 N Holly Ct,,Off-market,,,,,,,,,,,,,,,,,,,,,,
4303 N Holly Ct,,Off-market,,,,,,,,,,,,,,,,,,,,,,
4305 NW Briarcliff Ln,,Off-market,,,,,,,,,,,,,,,,,,,,,,
4306 N Holly Ct,,Off-market,,,,,,,,,,,,,,,,,,,,,,
4306 N Mulberry Dr,,Off-market,,,,,,,,,,,,,,,,,,,,,,
4306 NW Briarcliff Ln,,Off-market,,,,,,,,,,,,,,,,,,,,,,
4307 N Holly Ct,,Off-market,,,,,,,,,,,,,,,,,,,,,,
4309 NW Briarcliff Ln,,Off-market,,,,,,,,,,,,,,,,,,,,,,
4310 N Holly Ct,,Off-market,,,,,,,,,,,,,,,,,,,,,,
4310 N Mulberry Dr,,Off-market,,,,,,,,,,,,,,,,,,,,,,
4310 NW Claymont Dr,,Off-market,,,,,,,,,,,,,,,,,,,,,,
4311 N Holly Ct,,Off-market,,,,,,,,,,,,,,,,,,,,,,
4311 NW Claymont Dr,,Off-market,,,,,,,,,,,,,,,,,,,,,,
4312 N Hickory Ln,,Off-market,,,,,,,,,,,,,,,,,,,,,,
4312 NW Briarcliff Ln,,Off-market,,,,,,,,,,,,,,,,,,,,,,
4313 NW Briarcliff Ln,,Off-market,,,,,,,,,,,,,,,,,,,,,,
4314 N Holly Ct,,Off-market,,,,,,,,,,,,,,,,,,,,,,
4315 N Hickory Ln,,Off-market,,,,,,,,,,,,,,,,,,,,,,
4315 N Holly Ct,,Off-market,,,,,,,,,,,,,,,,,,,,,,
4315 NW Claymont Dr,,Off-market,,,,,,,,,,,,,,,,,,,,,,
4316 NW Claymont Dr,,Off-market,,,,,,,,,,,,,,,,,,,,,,
4317 NW Briarcliff Ln,,Off-market,,,,,,,,,,,,,,,,,,,,,,
4318 N Hickory Ln,,Off-market,,,,,,,,,,,,,,,,,,,,,,
4318 N Holly Ct,,Off-market,,,,,,,,,,,,,,,,,,,,,,
4318 N Mulberry Dr,,Off-market,,,,,,,,,,,,,,,,,,,,,,
4319 N Hickory Ln,,Off-market,,,,,,,,,,,,,,,,,,,,,,
4319 N Mulberry Dr,,Off-market,,,,,,,,,,,,,,,,,,,,,,
4319 NW Claymont Dr,,Off-market,,,,,,,,,,,,,,,,,,,,,,
4321 NW Briarcliff Ln,,Off-market,,,,,,,,,,,,,,,,,,,,,,
4322 N Hickory Ln,,Off-market,,,,,,,,,,,,,,,,,,,,,,
4322 N Mulberry Dr,,Off-market,,,,,,,,,,,,,,,,,,,,,,
4322 NW Claymont Dr,,Off-market,,,,,,,,,,,,,,,,,,,,,,
4323 N Hickory Ln,,Off-market,,,,,,,,,,,,,,,,,,,,,,
4323 N Mulberry Dr,,Off-market,,,,,,,,,,,,,,,,,,,,,,
4324 NW Briarcliff Ln,,Off-market,,,,,,,,,,,,,,,,,,,,,,
4325 N Mulberry Dr,,Off-market,,,,,,,,,,,,,,,,,,,,,,
4325 NW Briarcliff Ln,,Off-market,,,,,,,,,,,,,,,,,,,,,,
4326 N Mulberry Dr,,Off-market,,,,,,,,,,,,,,,,,,,,,,
4327 NW Claymont Dr,,Off-market,,,,,,,,,,,,,,,,,,,,,,
4328 NW Claymont Dr,,Off-market,,,,,,,,,,,,,,,,,,,,,,
4329 N Mulberry Dr,,Off-market,,,,,,,,,,,,,,,,,,,,,,
4329 NW Briarcliff Ln,,Off-market,,,,,,,,,,,,,,,,,,,,,,
4329 NW Claymont Dr,,Off-market,,,,,,,,,,,,,,,,,,,,,,
4330 N Mulberry Dr,,Off-market,,,,,,,,,,,,,,,,,,,,,,
4330 NW Briarcliff Ln,,Off-market,,,,,,,,,,,,,,,,,,,,,,
4330 NW Claymont Dr,,Off-market,,,,,,,,,,,,,,,,,,,,,,
4332 NW Claymont Dr,,Off-market,,,,,,,,,,,,,,,,,,,,,,
4333 NW Briarcliff Ln,,Off-market,,,,,,,,,,,,,,,,,,,,,,
4334 NW Claymont Dr,,Off-market,,,,,,,,,,,,,,,,,,,,,,
4335 NW Claymont Dr,,Off-market,,,,,,,,,,,,,,,,,,,,,,
4336 NW Claymont Dr,,Off-market,,,,,,,,,,,,,,,,,,,,,,
4337 NW Briarcliff Ln,,Off-market,,,,,,,,,,,,,,,,,,,,,,
4338 NW Claymont Dr,,Off-market,,,,,,,,,,,,,,,,,,,,,,
4340 NW Briarcliff Ln,,Off-market,,,,,,,,,,,,,,,,,,,,,,
4341 NW Briarcliff Ln,,Off-market,,,,,,,,,,,,,,,,,,,,,,
4342 NW Claymont Dr,,Off-market,,,,,,,,,,,,,,,,,,,,,,
4345 NW Briarcliff Ln,,Off-market,,,,,,,,,,,,,,,,,,,,,,
4400 N Hickory Ln,,Off-market,,,,,,,,,,,,,,,,,,,,,,
4400 N Mulberry Dr,,Off-market,,,,,,,,,,,,,,,,,,,,,,
4400 N Mulberry St,,Off-market,,,,,,,,,,,,,,,,,,,,,,
4400 NW Briarcliff Ln,,Off-market,,,,,,,,,,,,,,,,,,,,,,
4401 N Belleview Ave,,Off-market,,,,,,,,,,,,,,,,,,,,,,
4401 N Hickory Ln,,Off-market,,,,,,,,,,,,,,,,,,,,,,
4401 N Mulberry Dr,,Off-market,,,,,,,,,,,,,,,,,,,,,,
4401 N Mulberry St,,Off-market,,,,,,,,,,,,,,,,,,,,,,
4401 NW Briarcliff Ln,,Off-market,,,,,,,,,,,,,,,,,,,,,,
4404 N Hickory Ln,,Off-market,,,,,,,,,,,,,,,,,,,,,,
4404 N Mulberry Ct,,Off-market,,,,,,,,,,,,,,,,,,,,,,
4404 N Mulberry St,,Off-market,,,,,,,,,,,,,,,,,,,,,,
4404 NW Briarcliff Ln,,Off-market,,,,,,,,,,,,,,,,,,,,,,
4405 N Belleview Ave,,Off-market,,,,,,,,,,,,,,,,,,,,,,
4405 N Hickory Ln,,Off-market,,,,,,,,,,,,,,,,,,,,,,
4405 N Mulberry St,,Off-market,,,,,,,,,,,,,,,,,,,,,,
4405 NW Briarcliff Ln,,Off-market,,,,,,,,,,,,,,,,,,,,,,
4406 N Mulberry Dr,,Off-market,,,,,,,,,,,,,,,,,,,,,,
4407 N Mulberry Dr,,Off-market,,,,,,,,,,,,,,,,,,,,,,
4407 N Mulberry St,,Off-market,,,,,,,,,,,,,,,,,,,,,,
4408 N Hickory Ln,,Off-market,,,,,,,,,,,,,,,,,,,,,,
4408 N Mulberry Ct,,Off-market,,,,,,,,,,,,,,,,,,,,,,
4408 N Mulberry St,,Off-market,,,,,,,,,,,,,,,,,,,,,,
4408 NW Briarcliff Ln,,Off-market,,,,,,,,,,,,,,,,,,,,,,
4409 N Belleview Ave,,Off-market,,,,,,,,,,,,,,,,,,,,,,
4409 N Hickory Ln,,Off-market,,,,,,,,,,,,,,,,,,,,,,
4409 NW Briarcliff Ln,,Off-market,,,,,,,,,,,,,,,,,,,,,,
4411 N Mulberry Dr,,Off-market,,,,,,,,,,,,,,,,,,,,,,
4412 N Mulberry Dr,,Off-market,,,,,,,,,,,,,,,,,,,,,,
4412 NW Briarcliff Ln,,Off-market,,,,,,,,,,,,,,,,,,,,,,
4412 NW Wildwood Dr,,Off-market,,,,,,,,,,,,,,,,,,,,,,
4413 NW Briarcliff Ln,,Off-market,,,,,,,,,,,,,,,,,,,,,,
4413 NW Wildwood Dr,,Off-market,,,,,,,,,,,,,,,,,,,,,,
4416 NW Briarcliff Ln,,Off-market,,,,,,,,,,,,,,,,,,,,,,
4416 NW Wildwood Dr,,Off-market,,,,,,,,,,,,,,,,,,,,,,
4417 NW Briarcliff Ln,,Off-market,,,,,,,,,,,,,,,,,,,,,,
4417 NW Wildwood Dr,,Off-market,,,,,,,,,,,,,,,,,,,,,,
4420 NW Briarcliff Ln,,Off-market,,,,,,,,,,,,,,,,,,,,,,
4420 NW Wildwood Dr,,Off-market,,,,,,,,,,,,,,,,,,,,,,
4421 NW Briarcliff Ln,,Off-market,,,,,,,,,,,,,,,,,,,,,,
4421 NW Wildwood Dr,,Off-market,,,,,,,,,,,,,,,,,,,,,,
4424 NW Briarcliff Ln,,Off-market,,,,,,,,,,,,,,,,,,,,,,
4424 NW Wildwood Dr,,Off-market,,,,,,,,,,,,,,,,,,,,,,
4425 NW Briarcliff Ln,,Off-market,,,,,,,,,,,,,,,,,,,,,,
4425 NW Wildwood Dr,,Off-market,,,,,,,,,,,,,,,,,,,,,,
4428 NW Briarcliff Ln,,Off-market,,,,,,,,,,,,,,,,,,,,,,
4428 NW Wildwood Dr,,Off-market,,,,,,,,,,,,,,,,,,,,,,
4429 NW Wildwood Dr,,Off-market,,,,,,,,,,,,,,,,,,,,,,
4432 NW Wildwood Dr,,Off-market,,,,,,,,,,,,,,,,,,,,,,
4433 NW Wildwood Dr,,Off-market,,,,,,,,,,,,,,,,,,,,,,
4436 NW Wildwood Dr,,Off-market,,,,,,,,,,,,,,,,,,,,,,
4440 NW Wildwood Dr,,Off-market,,,,,,,,,,,,,,,,,,,,,,
4441 NW Wildwood Dr,,Off-market,,,,,,,,,,,,,,,,,,,,,,
4444 N Belleview Ave,,Off-market,,,,,,,,,,,,,,,,,,,,,,
4444 NW Wildwood Dr,,Off-market,,,,,,,,,,,,,,,,,,,,,,
4500 N Hickory Ln,,Off-market,,,,,,,,,,,,,,,,,,,,,,
4501 N Hickory Ln,,Off-market,,,,,,,,,,,,,,,,,,,,,,
4502 N Mulberry Ct,,Off-market,,,,,,,,,,,,,,,,,,,,,,
4503 N Mulberry Dr,,Off-market,,,,,,,,,,,,,,,,,,,,,,
4504 N Mulberry Dr,,Off-market,,,,,,,,,,,,,,,,,,,,,,
4505 N Hickory Ln,,Off-market,,,,,,,,,,,,,,,,,,,,,,
4505 N Mulberry Ct,,Off-market,,,,,,,,,,,,,,,,,,,,,,
4506 N Mulberry Ct,,Off-market,,,,,,,,,,,,,,,,,,,,,,
4507 N Mulberry Dr,,Off-market,,,,,,,,,,,,,,,,,,,,,,
4508 N Mulberry Dr,,Off-market,,,,,,,,,,,,,,,,,,,,,,
4509 N Hickory Ln,,Off-market,,,,,,,,,,,,,,,,,,,,,,
4509 N Mulberry Ct,,Off-market,,,,,,,,,,,,,,,,,,,,,,
4510 N Mulberry Ct,,Off-market,,,,,,,,,,,,,,,,,,,,,,
4511 N Hickory Ln,,Off-market,,,,,,,,,,,,,,,,,,,,,,
4511 N Mulberry Dr,,Off-market,,,,,,,,,,,,,,,,,,,,,,
4512 N Mulberry Dr,,Off-market,,,,,,,,,,,,,,,,,,,,,,
4514 N Mulberry Ct,,Off-market,,,,,,,,,,,,,,,,,,,,,,
4515 N Mulberry Dr,,Off-market,,,,,,,,,,,,,,,,,,,,,,
4516 N Mulberry Dr,,Off-market,,,,,,,,,,,,,,,,,,,,,,
4518 N Mulberry Ct,,Off-market,,,,,,,,,,,,,,,,,,,,,,
4519 N Mulberry Dr,,Off-market,,,,,,,,,,,,,,,,,,,,,,
4520 N Mulberry Dr,,Off-market,,,,,,,,,,,,,,,,,,,,,,
4522 N Mulberry Ct,,Off-market,,,,,,,,,,,,,,,,,,,,,,
4523 N Mulberry Dr,,Off-market,,,,,,,,,,,,,,,,,,,,,,
4525 N Mulberry Ct,,Off-market,,,,,,,,,,,,,,,,,,,,,,
4526 N Mulberry Ct,,Off-market,,,,,,,,,,,,,,,,,,,,,,
4601 N Holly Ct,,Off-market,,,,,,,,,,,,,,,,,,,,,,
4601 N Mulberry Dr,,Off-market,,,,,,,,,,,,,,,,,,,,,,
4602 N Holly Ct,,Off-market,,,,,,,,,,,,,,,,,,,,,,
4603 N Holly Ct,,Off-market,,,,,,,,,,,,,,,,,,,,,,
4604 N Holly Ct,,Off-market,,,,,,,,,,,,,,,,,,,,,,
4605 N Holly Ct,,Off-market,,,,,,,,,,,,,,,,,,,,,,
4606 N Holly Ct,,Off-market,,,,,,,,,,,,,,,,,,,,,,
4607 N Holly Ct,,Off-market,,,,,,,,,,,,,,,,,,,,,,
4609 N Holly Ct,,Off-market,,,,,,,,,,,,,,,,,,,,,,
4611 N Holly Ct,,Off-market,,,,,,,,,,,,,,,,,,,,,,
4613 N Holly Ct,,Off-market,,,,,,,,,,,,,,,,,,,,,,
4615 N Holly Ct,,Off-market,,,,,,,,,,,,,,,,,,,,,,
4617 N Holly Ct,,Off-market,,,,,,,,,,,,,,,,,,,,,,
4619 N Holly Ct,,Off-market,,,,,,,,,,,,,,,,,,,,,,
4622 N Holly Ct,,Off-market,,,,,,,,,,,,,,,,,,,,,,
4624 N Holly Ct,,Off-market,,,,,,,,,,,,,,,,,,,,,,
4626 N Holly Ct,,Off-market,,,,,,,,,,,,,,,,,,,,,,
4627 N Holly Ct,,Off-market,,,,,,,,,,,,,,,,,,,,,,
4628 N Holly Ct,,Off-market,,,,,,,,,,,,,,,,,,,,,,
4629 N Holly Ct,,Off-market,,,,,,,,,,,,,,,,,,,,,,
4630 N Holly Ct,,Off-market,,,,,,,,,,,,,,,,,,,,,,
4631 N Holly Ct,,Off-market,,,,,,,,,,,,,,,,,,,,,,
4632 N Holly Ct,,Off-market,,,,,,,,,,,,,,,,,,,,,,
4633 N Holly Ct,,Off-market,,,,,,,,,,,,,,,,,,,,,,
4634 N Holly Ct,,Off-market,,,,,,,,,,,,,,,,,,,,,,
4635 N Holly Ct,,Off-market,,,,,,,,,,,,,,,,,,,,,,
4636 N Holly Ct,,Off-market,,,,,,,,,,,,,,,,,,,,,,
4637 N Holly Ct,,Off-market,,,,,,,,,,,,,,,,,,,,,,
4638 N Holly Ct,,Off-market,,,,,,,,,,,,,,,,,,,,,,
4639 N Holly Ct,,Off-market,,,,,,,,,,,,,,,,,,,,,,
4640 N Holly Ct,,Off-market,,,,,,,,,,,,,,,,,,,,,,
4642 N Holly Ct,,Off-market,,,,,,,,,,,,,,,,,,,,,,
4701 N Holly Ct,,Off-market,,,,,,,,,,,,,,,,,,,,,,
4703 N Mulberry Ct,,Off-market,,,,,,,,,,,,,,,,,,,,,,
4705 N Holly Ct,,Off-market,,,,,,,,,,,,,,,,,,,,,,
4706 N Holly Ct,,Off-market,,,,,,,,,,,,,,,,,,,,,,
4706 N Mulberry Ct,,Off-market,,,,,,,,,,,,,,,,,,,,,,
4707 N Mulberry Ct,,Off-market,,,,,,,,,,,,,,,,,,,,,,
4709 N Hickory Ct,,Off-market,,,,,,,,,,,,,,,,,,,,,,
4709 N Holly Ct,,Off-market,,,,,,,,,,,,,,,,,,,,,,
4710 N Holly Ct,,Off-market,,,,,,,,,,,,,,,,,,,,,,
4710 N Mulberry Ct,,Off-market,,,,,,,,,,,,,,,,,,,,,,
4711 N Hickory Ct,,Off-market,,,,,,,,,,,,,,,,,,,,,,
4711 N Holly Ct,,Off-market,,,,,,,,,,,,,,,,,,,,,,
4711 N Mulberry Ct,,Off-market,,,,,,,,,,,,,,,,,,,,,,
4714 N Hickory Ct,,Off-market,,,,,,,,,,,,,,,,,,,,,,
4714 N Holly Ct,,Off-market,,,,,,,,,,,,,,,,,,,,,,
4714 N Mulberry Ct,,Off-market,,,,,,,,,,,,,,,,,,,,,,
4715 N Hickory Ct,,Off-market,,,,,,,,,,,,,,,,,,,,,,
4715 N Holly Ct,,Off-market,,,,,,,,,,,,,,,,,,,,,,
4715 N Mulberry Ct,,Off-market,,,,,,,,,,,,,,,,,,,,,,
4718 N Hickory Ct,,Off-market,,,,,,,,,,,,,,,,,,,,,,
4718 N Holly Ct,,Off-market,,,,,,,,,,,,,,,,,,,,,,
4718 N Mulberry Ct,,Off-market,,,,,,,,,,,,,,,,,,,,,,
4719 N Hickory Ct,,Off-market,,,,,,,,,,,,,,,,,,,,,,
4719 N Holly Ct,,Off-market,,,,,,,,,,,,,,,,,,,,,,
4719 N Mulberry Ct,,Off-market,,,,,,,,,,,,,,,,,,,,,,
4721 N Hickory Ct,,Off-market,,,,,,,,,,,,,,,,,,,,,,
4722 N Hickory Ct,,Off-market,,,,,,,,,,,,,,,,,,,,,,
4722 N Mulberry Ct,,Off-market,,,,,,,,,,,,,,,,,,,,,,
4723 N Holly Ct,,Off-market,,,,,,,,,,,,,,,,,,,,,,
4723 N Mulberry Ct,,Off-market,,,,,,,,,,,,,,,,,,,,,,
4725 N Hickory Ct,,Off-market,,,,,,,,,,,,,,,,,,,,,,
4726 N Holly Ct,,Off-market,,,,,,,,,,,,,,,,,,,,,,
4727 N Holly Ct,,Off-market,,,,,,,,,,,,,,,,,,,,,,
4730 N Holly Ct,,Off-market,,,,,,,,,,,,,,,,,,,,,,
4731 N Holly Ct,,Off-market,,,,,,,,,,,,,,,,,,,,,,
4734 N Holly Ct,,Off-market,,,,,,,,,,,,,,,,,,,,,,
4770 N Belleview Ave,,Off-market,,,,,,,,,,,,,,,,,,,,,,
N Hickory Ct,,Off-market,,,,,,,,,,,,,,,,,,,,,,
N Holly Ct,,Off-market,,,,,,,,,,,,,,,,,,,,,,
N Mulberry Dr,,Off-market,,,,,,,,,,,,,,,,,,,,,,
NW 43rd Ter,,Off-market,,,,,,,,,,,,,,,,,,,,,,
NW 44th Ter,,Off-market,,,,,,,,,,,,,,,,,,,,,,
NW Briar Point Dr,,Off-market,,,,,,,,,,,,,,,,,,,,,,
NW Briarcliff Cr,,Off-market,,,,,,,,,,,,,,,,,,,,,,
NW Briarcliff Ln,,Off-market,,,,,,,,,,,,,,,,,,,,,,
NW Briarcliff Pkwy,,Off-market,,,,,,,,,,,,,,,,,,,,,,
NW Claymont Dr,,Off-market,,,,,,,,,,,,,,,,,,,,,,
NW Wildwood Dr,,Off-market,,,,,,,,,,,,,,,,,,,,,,
Pointe Dr,,Off-market,,,,,,,,,,,,,,,,,,,,,,
Pointe Ln,,Off-market,,,,,,,,,,,,,,,,,,,,,,
4200 N Hickory Ln,,Off-market,,,,,,,,,,,,,,,,,,,,,,
4206 N Hickory Ln,,Off-market,,,,,,,,,,,,,,,,,,,,,,
4212 N Hickory Ln,,Off-market,,,,,,,,,,,,,,,,,,,,,,
4504 N Hickory Ln,,Off-market,,,,,,,,,,,,,,,,,,,,,,
4508 N Hickory Ln,,Off-market,,,,,,,,,,,,,,,,,,,,,,
1407 NW 43rd Ct,,Off-market,,,,,,,,,,,,,,,,,,,,,,
1410 NW 43rd Ct,,Off-market,,,,,,,,,,,,,,,,,,,,,,
